{"IcoMoonType":"selection","icons":[{"icon":{"paths":["M592 448h-16v-192c0-105.87-86.13-192-192-192h-128c-105.87 0-192 86.13-192 192v192h-16c-26.4 0-48 21.6-48 48v480c0 26.4 21.6 48 48 48h544c26.4 0 48-21.6 48-48v-480c0-26.4-21.6-48-48-48zM192 256c0-35.29 28.71-64 64-64h128c35.29 0 64 28.71 64 64v192h-256v-192z"],"tags":["lock","secure","private","encrypted"],"defaultCode":59791,"grid":16,"attrs":[]},"attrs":[],"properties":{"ligatures":"lock, secure","name":"lock","order":11,"id":144,"prevSize":32,"code":59791},"setIdx":1,"setId":1,"iconIdx":143}],"height":1024,"metadata":{"name":"icomoon"},"preferences":{"showGlyphs":true,"showQuickUse":true,"showQuickUse2":true,"showSVGs":true,"fontPref":{"prefix":"icon-","metadata":{"fontFamily":"icomoon","majorVersion":1,"minorVersion":0},"metrics":{"emSize":1024,"baseline":6.25,"whitespace":50},"embed":false,"ie7":true,"noie8":false,"showSelector":false,"showMetrics":false,"showMetadata":false,"showVersion":false},"imagePref":{"prefix":"icon-","png":true,"useClassSelector":true,"color":0,"bgColor":16777215,"classSelector":".icon"},"historySize":50,"showCodes":true,"gridSize":16}}